{
  "tex_brow": "mu_style_eyebrow_01.png",
  "tex_eye": "mu_style_eyeshadow1_01.png",
  "tex_eye2": "eye2.png",
  "tex_eye3": "eye3.png",
  "tex_pupil": "pupil.png",
  "tex_eyeLash": "mu_style_eyelash_02.png",
  "tex_eyeLiner": "mu_style_eyeliner_02.png",
  "tex_blusher": "mu_style_blush_04.png",
  "tex_foundation": "mu_style_foundation_01.png",
  "tex_highlight": "mu_style_highlight_01.png",
  "tex_shadow": "mu_style_contour_01.png",
  "makeup_lip_color": [
    0.84,
    0.16,
    0.27,
    1.0
  ],
  "makeup_lip_color2": [
    1.0,
    0.55,
    0.55,
    1.0
  ],
  "is_two_color": 0,
  "lip_type": 1,
  "brow_warp": 1,
  "brow_warp_type": 6,
  "makeup_eye_color": [
    0.89,
    0.39,
    0.36,
    1.0,
    0.0,
    1.0,
    0.0,
    0.0,
    0.0,
    0.0,
    1.0,
    0.0
  ],
  "makeup_eyeLiner_color": [
    0.33,
    0.09,
    0.18,
    1.0
  ],
  "makeup_eyelash_color": [
    0.33,
    0.09,
    0.18,
    1.0
  ],
  "makeup_blusher_color": [
    0.93,
    0.35,
    0.43,
    1.0
  ],
  "makeup_foundation_color": [
    0.87,
    0.74,
    0.69,
    1.0
  ],
  "makeup_highlight_color": [
    1.0,
    0.96,
    0.93,
    1.0
  ],
  "makeup_shadow_color": [
    0.34,
    0.1,
    0.1,
    1.0
  ],
  "makeup_eyeBrow_color": [
    0.33,
    0.09,
    0.18,
    1.0
  ],
  "makeup_pupil_color": [
    0.61,
    0.18,
    0.25,
    1.0
  ],
  "makeup_intensity": 1.0,
  "makeup_intensity_lip": 0.4,
  "makeup_intensity_pupil": 0.0,
  "makeup_intensity_eye": 0.7,
  "makeup_intensity_eyeLiner": 0.5,
  "makeup_intensity_eyelash": 0.5,
  "makeup_intensity_eyeBrow": 0.5,
  "makeup_intensity_blusher": 1.0,
  "makeup_intensity_foundation": 1.0,
  "makeup_intensity_highlight": 1.0,
  "makeup_intensity_shadow": 1.0
}